UID,gap,gap_nosoc,evac,hform,emass1,emass2,efermi_hse,efermi_hse_nosoc,cbm,vbm,excitonmass1,excitonmass2,alphax,alphaz,bse_binding,c_11,c_12,c_22,dir_gap,gap_hse,dir_gap_hse,cbm_hse,vbm_hse,lattice_param
1384,3.868284768414446,3.8936346316032338,2.9350390590430324,-1.1174466284130713,0.4727695842451665,0.4724676076659728,-6.389256425753716,-6.401958971597438,-4.1354919559025936,-8.003776724317039,0.3328317050928278,0.3291052627200755,1.1179559048123118,0.2981959637671504,1.7176947684144461,28.23224506749329,10.72297195851192,28.13934122623415,3.868284768414446,5.176434245379271,5.176434245379271,-3.801039303546056,-8.977473548925328,3.899599
2826,1.1591954974297043,1.203371561117061,3.699759164832676,-1.585483138037431,2.0396828114635794,0.28872561074850034,-5.982017004393443,-6.0133226108597375,-5.266320274324451,-6.425515771754153,0.17633107654290262,0.16411784642582364,4.206560668398158,0.3445694021641783,0.633224626738009,74.94380354806644,13.777662994805286,75.67528408450589,1.6430956267380092,2.1674626829675745,2.8526595361851594,-4.804560253282495,-6.97202293625007,3.682272
141,1.5575810495043003,1.9064197252538253,2.635613969650476,-0.15973409610580316,0.5895941393973873,0.251264608656228,-4.313391947765611,-4.393269226594541,-3.4080836800459324,-4.965664729550234,0.4565720264277284,0.4534009142930394,3.5575589299083457,0.3352658233914565,0.669730383820371,21.786594070886608,4.40504091561087,21.583731525624586,1.7554283838203708,2.0888037019408907,2.385569304623058,-3.2271629978699727,-5.315966699810863,4.172776
1661,3.433529802450715,3.4832122622146318,3.1836080140655225,-0.9331401602774066,0.3981585214666071,0.3978324385780828,-6.264501176462121,-6.289508974868872,-4.253500891476136,-7.687030693926853,0.26858840903507153,0.26847341661653423,1.317670122682806,0.3320377659256628,1.6348228024507148,59.046347510425704,18.984150171323854,58.54978443997393,3.433529802450715,4.71849101949681,4.71849101949681,-3.9052556689088895,-8.6237466884057,3.480091
2829,0.7389809649523811,0.7967603996815673,4.022841271436893,-1.2230415935441292,3.282831319441743e-52,0.4921091477189699,-5.960256211055268,-5.976107401591192,-5.516604660039908,-6.25558562499229,1.37262558487908,0.4739167157195267,4.843985396250304,0.40812532279515096,0.9165950322378228,71.56144713416909,25.17086522571836,71.60553775457427,1.007211032237823,1.6844706730301109,2.030375016926789,-5.109426243003587,-6.793896916033697,3.701725
2819,1.5336240776237222,1.8159491510583727,4.644773547112599,-0.8736455725368678,0.32833595424519296,0.3283298034794033,-4.640546028656575,-4.7235256461262685,-3.9664859000835313,-5.500109977707252,0.16611004361437245,0.16610765433354294,5.577107632296424,0.37328122126390256,0.5183260776237222,146.34216226581643,32.228778044317096,146.57449353664688,1.5336240776237222,2.0549285900066074,2.0549285900066074,-3.6130817341132064,-5.6680103241198125,3.185946
1637,1.9258382175304272,2.1589313634600917,3.3242638962239046,-0.4539218839220744,0.8035311666591001,0.8033037711065267,-4.867514619323086,-4.821376932881628,-3.9506480418903576,-5.876486259420784,0.6834457792974513,0.6828448102988909,2.9894372486069525,0.4661243842219915,1.1594858000633843,15.193235314679413,10.291020141851831,15.903567653164767,2.1716778000633843,2.5044769419217303,2.7791303500151803,-3.791417894158892,-6.295894836080621,4.419542
820,2.1378219533344094,2.1458285438650826,3.800039461455437,-0.7113471685439707,1.3383469631543041,0.4324891766851665,-4.4721738571032965,-4.424494396159638,-3.6543851460390417,-5.792207099373453,0.23352056159780085,0.2333319774812836,3.4857715066033688,0.5158813326838716,0.9183910205588879,70.01069327425682,14.46934220590033,70.36527733545259,2.7102560049342035,2.8660345473104964,3.51450775281799,-3.416831647395439,-6.282866194705933,3.792222
2724,0.7553768098960933,0.7578691671656301,3.525305471653763,-0.004206828647015826,0.8948468943883987,0.3071447986234846,-6.589136530570183,-6.591848856012713,-6.011646348768393,-6.767023158664485,1.066071063137488,0.17937069345425535,4.619240386203728,0.3786772649058869,0.8165743972484923,50.12636668792381,15.50873035285187,49.31836792785411,0.9182283972484924,1.3214149631496244,1.5168991294966858,-5.965598816752571,-7.287013779902196,3.848
1577,0.7321311018396659,0.8494525879695888,3.9856443970146094,-1.1564330181138591,0.8556105887231196,0.5693579090261387,-2.939724297070713,-2.9438303615505768,-2.624804135771396,-3.3569352376110606,0.7938369081229689,0.36894642781712345,5.194538761066577,0.4041604455094355,0.8089581925016928,83.33637259422125,14.244793471618182,83.81324934502193,1.5484121925016927,1.2264799842445342,2.100847837163831,-2.274995892368449,-3.5014758766129823,3.50019
129,0.15584280002521922,0.1240354368311496,2.0691628245743194,-0.03827518617635528,0.03779617838342368,0.03779282894900225,-5.19828189699591,-5.3181991274710825,-4.95738631509966,-5.113229115124879,0.04354814730335885,0.04350612896373568,46.24171084685315,0.2257214185641334,0.2737538000252192,25.844563714855447,14.404640804821494,26.193741944901728,0.15584280002521922,0.27880058863410584,0.27880058863410584,-5.060533346812795,-5.3393339354469,4.731556
2738,1.6739771714512102,1.6617501929194858,3.1907872840193656,-0.549476002702414,3.2875610358591385,1.13387711032831,-6.467134281743451,-6.547939208635862,-5.195536722973281,-6.86951389442449,1.7308136903259088,0.5276015833653911,2.803200543704273,0.2285683048807169,1.502368994266706,138.77081796148883,33.5705406563833,140.34398024631213,2.100274994266706,3.149976562263642,3.6115626058831714,-4.8921460009104285,-8.042122563174072,3.147845
117,0.8982029615220604,0.8983562705162571,2.276473052829957,-0.029002551542662406,0.1903545672768761,0.19029579698108431,-4.6797977036652485,-4.679803026340421,-4.229340988320351,-5.127543949842412,0.09231373626797974,0.0922908118749509,4.831527867195917,0.19551436321416804,0.4939269615220603,145.80171201719838,39.47013104970561,145.87394145346468,0.8982029615220604,1.361716889120115,1.361716889120115,-3.9964788614248414,-5.358195750544957,3.215824
1550,4.746599335450476,4.7515705894631015,3.0147416730383507,-2.3698203805625444,1.6390957120332968e-52,0.3648704711067617,-3.916586557030152,-3.9190612241879688,-3.095922285954701,-7.8425216214051785,27.32859961189505,1.3583591737633418,0.7732808140793236,0.2926683485777057,2.5876447172367167,21.4341628702444,11.318857048996994,21.492246606359853,4.780538717236717,6.098517424967268,6.1154294797365125,-2.745370110074589,-8.843887535041855,4.533455
841,2.179787927163596,2.18092066506484,3.6213018129371375,-0.6598396512559503,0.2080430575361752,0.2079190129490451,-4.7306366849618895,-4.73083256002334,-4.051978355251527,-6.231766282415122,0.27016676267331224,0.2699238114138172,3.3098835385381937,0.490574600091944,0.9198987720925569,80.59043893923666,16.869068892860057,79.19799033351205,2.2785165835379093,3.045025830145839,3.138799261948513,-3.71562807735315,-6.760653907498987,3.65591
898,0.4464136728327621,0.4846488325684459,3.9204689169591935,-0.19465397774516324,0.1475242536120884,0.14735114645834216,-5.740364564008603,-5.757574098781519,-5.3907846371731845,-5.837198310005947,0.17214540179592225,0.1718062742986084,5.995224709732144,0.5900249431131104,0.8512610588848917,37.25202336837671,8.073771381163398,37.13037757233046,0.4911614674767086,0.8335913573682951,0.8757672713337521,-5.415790140620405,-6.249381497988701,4.229129
3491,0.494046852037606,0.5426561354572189,3.9269500982101455,-0.1961701796150188,0.15186286010542166,0.1517298302853319,-5.719686228921713,-5.738819119286572,-5.347806658391819,-5.8418535104294245,0.18242300764708705,0.18218880087896305,5.9223970932573256,0.5890846897180377,0.5454186750874229,36.55721578325378,10.480270474905684,36.65820737509065,0.549446675087423,0.8911210271784331,0.9439993033108104,-5.362328467142915,-6.253449494321347,4.222646
255,0.0003000685114304957,0.000308946496943463,2.3361104216159303,-0.007091431452264985,0.789726753044141,0.7056495758491506,-4.212860570055424,-4.212860482408308,-4.248104366738601,-4.248404435250031,0.7970433779077336,0.7362101046853475,6.574592003348397,0.1533681498711251,1.0524761955848188,351.3002157487236,64.39235485198878,351.5819835858508,0.0003000685114304957,0.0002564957267392476,0.0002564957267392476,-4.212730143613888,-4.2129866393406274,2.467231
2735,0.22923778052570604,0.0,2.889063680344848,-0.023121541647492805,1.2413232486142585,0.8228350473569983,-3.827970809782673,-3.8163335098267033,-3.5406986443155293,-3.7699364248412364,1.4798572291588101,1.2048803161564932,40.088844541745374,1.294617704388715,0.27326467287657197,70.13472739147531,24.553163763585108,70.33082542865802,0.29827467287657194,0.26618658711515264,0.3187654799087584,-3.649348054774405,-3.9155346418895576,4.001093
2656,1.0610253353137828,1.0876646234081389,4.01286583777936,-1.375412931918553,1.2551430605204426,0.7247573250725392,-6.501902936099168,-6.512834394236647,-5.8236529045808325,-6.884678239894615,2.28954051262692,0.7049458948742979,3.1551871763119577,0.3593453544954036,1.2891161487392724,92.43413803348257,33.05725774021985,92.20545145891779,1.3312501487392725,2.038231916006126,2.347997799974514,-5.491832199311442,-7.530064115317567,3.543054
1419,5.941182341360375,5.985831348111845,2.8707805951149385,-1.8872751187295944,0.4048226087067439,0.40442311863951697,-5.578285454283838,-5.6005428541474025,-2.3079059743671086,-8.249088315727484,0.2863321598106415,0.2859824541392211,0.8112488662144047,0.2808271331705495,1.8593633413603747,38.36476051822182,9.504670056290324,38.354392905187,5.941182341360375,7.2940686174594545,7.2940686174594545,-1.931251145964584,-9.22531976342404,3.672926
1454,1.1812572039140472,1.1836995978430882,3.3482355822451604,-0.30059605976037257,1.844153310136236,0.5910447223001961,-4.5276066064338165,-4.536948604464595,-3.7731687329134553,-4.954425936827502,1.4847013962529387,0.4643599383126061,3.1719756622068003,0.2934244392314447,1.6629897555126214,69.62533157987214,20.54260348865089,68.03980943591235,1.1836857555126217,2.824333666788103,2.8305018060399294,-3.115439773361857,-5.939773440149961,3.593169
1551,3.3323879224827664,3.5509324049093967,3.2657429578564803,-1.7321824694120715,0.6315473979673796,0.4012014131026995,-4.438402029027084,-4.5158260521004285,-3.302165995984713,-6.6345539184674776,13.550077212122956,0.9724780584312072,1.2224263580618522,0.4038765119155413,1.7237049047008828,14.27864933783694,6.956036076858099,14.096840683456929,3.397060904700883,4.273588336806361,4.345197757968179,-3.0138725833692126,-7.2874609201755725,4.921737
2647,0.7290217340043381,0.7292680417587323,3.718786173214284,-0.2237079774358512,0.6888616732762299,0.19165857925672844,-6.241857827444372,-6.2424659770788935,-5.731138809335017,-6.460160543339356,0.9346949901995966,0.117218743545295,3.9662280447401694,0.3611728491918781,0.7837601812623904,88.2190551624188,22.04439152217287,88.55719649100897,1.1585351812623903,1.4046715687206248,1.882948128521181,-5.567453359220399,-6.972124927941022,3.443559
3409,1.5563983376369341,1.5573237949490626,3.732401311085632,-1.4506606009732643,0.318655152749924,0.3183969371004801,-6.295892863076237,-6.247005734322416,-5.5560516309300905,-7.1124499685670255,0.5326728311741968,0.532222233047696,2.1958183890444842,0.3896541152316345,1.287677049283341,139.9272136677042,53.11397468886892,138.5383077602655,2.067345049283341,2.471979283336589,3.2709293206408705,-5.3219180681393,-7.793897351475889,3.132903
1556,2.368673573505005,2.5567811171440784,3.149059068892878,-0.7813516198511085,0.3384680644695115,0.3381546151310565,-6.064096944988037,-6.165862495301147,-4.6164409247921485,-6.985114498297152,0.23156649955593986,0.2314926785172168,1.6670447820585652,0.3789092271060793,1.1198015735050049,38.401609179360214,12.593267912584093,38.401861478674896,2.368673573505005,3.373303256993041,3.373303256993041,-4.3774453168056064,-7.750748573798647,3.913907
1377,4.902112602626162,4.986832693883802,2.6603272610843245,-2.209522095290233,0.44504861338820495,0.4443323635464551,-3.167221014959855,-3.0374133126474363,-2.33361725201729,-7.235729854643452,0.4489233938042237,0.447360694705976,0.8742987013192962,0.2932905733684219,1.850002591580848,14.975614244138074,3.5564051581941305,14.495917107752025,4.920481591580847,6.030512225994435,6.050049416446448,-2.06727601903304,-8.097788245027473,4.963168
3490,0.6732803088353962,0.6778183305923671,4.014931060886019,-0.14502379528336418,0.22179700745523329,0.22144596548168732,-6.109976990964638,-6.109875831825688,-5.637289012179388,-6.310569321014785,0.2959240803860017,0.2953091064911492,4.7488372736039475,0.5549385009295235,0.7268956743180583,42.019819443635306,11.286691258398365,41.63817060999207,0.7487856743180583,1.1593316940680458,1.2309185141463068,-5.620427754713682,-6.779759448781728,4.057453
122,2.0799485116366108,2.0843072647279275,2.6439398029604466,-0.9268766791106104,0.7292208782505751,0.7075448219346456,-5.9590776697690275,-5.961203646735388,-4.434846759389902,-6.514795271026513,2.3479926737060186,0.9802393762404588,1.9766069667030042,0.22120699099588548,1.7310579608396308,51.81193365018747,16.553559634362518,52.03347763471344,2.552040960839631,2.810861153482204,3.3777613198414063,-4.272560977591628,-7.083422131073832,3.010865
1437,2.36657878990584,3.0319149647542565,2.7211259657443736,-1.1675657186489277,0.5930426230278368,0.5924083657675183,-5.772256665232082,-5.384337710070385,-4.965940908357908,-7.332519698263747,3.657438610896203,25.95247245603385,1.408694981008188,0.30081083152410804,1.5626912578084282,18.19484065197116,4.143277013464737,17.811653769872226,2.9716922578084284,3.4064969779805763,4.112834528523774,-4.6367576728336894,-8.043254650814266,4.392462
1612,2.2748645531750893,3.188414594218483,3.0332023487602693,-0.8830838935273615,0.6361302944983991,0.5741190824666148,-5.612701978516308,-5.217173605434053,-4.844725658985008,-7.119590212160097,1.5920561735427716,1.590178593087764,1.8733260021429483,0.3916440865964057,1.5314287542711542,16.82152607910081,11.804332672640266,16.809837923874344,2.5914847542711543,3.2478686587403254,3.4235518220897463,-4.512661829034566,-7.760530487774888,4.307878
3389,0.03700690879184088,0.0,3.4207430970578416,0.0337182815443704,1.821746674484921,0.07484584924252106,-4.095565172304212,-4.097372615578623,-4.065069999899763,-4.102076908691603,0.16391762079100014,0.0672306341518706,302.74640030856534,0.4528452986212126,0.2644760288694657,51.711749784112044,31.71810419022005,49.79853747285781,0.07911502886946575,0.07836051975503344,0.10339494972391117,-4.048372078458024,-4.1267325982130565,4.681819
1645,0.9025427349940004,0.9215433691996152,3.748385054399767,-1.536940768021226,2.965909513203739,1.2835036121084944,-3.357721508373781,-3.35874031273862,-3.3432529394718635,-4.2457956744658665,4.824223093363736,3.0765663351517785,6.559651967334228,0.3418357565781361,0.8257804571594985,84.8330598641848,16.915409339462375,85.3548598516182,1.1815424571594986,1.39546825384936,1.6454980944253492,-2.594254111874711,-3.989722365724072,3.279028
3420,1.6751470544013458,1.6781353784557729,4.035580763671726,-0.5557312624035431,0.2381242488185445,0.2379686524006146,-5.373999760755073,-5.356829586152896,-4.671923712214113,-6.3470707666154595,0.2941547627498684,0.2939636675927497,3.517907502336096,0.5263345222941577,0.8493287811543231,58.79798186113437,17.554825183386427,58.513969901874134,1.758293781154323,2.4308252492074818,2.511314925771462,-4.43084481860062,-6.8616700678081015,3.914535
2803,0.5216355514625504,0.6042258389601018,3.980550181893819,-1.0047068687119698,1.0284864989722883e-52,0.9161788691237749,-5.599866497220225,-5.625130539594313,-5.571316350867088,-6.092951902329638,4.582212659291992,0.5690036732232001,7.311015189716854,0.4035750199911839,0.7130773768649382,74.44925005246157,23.475982747967173,74.43244669524523,0.8669373768649382,1.4604344613231484,2.0456201859743826,-4.826265727843103,-6.28670018916625,3.495286
1582,0.7042529613151862,1.098536750101652,3.4036417036083684,-0.1681435759411848,0.6103315902103544,0.4652030569318254,-5.620005912702837,-5.802193345311355,-5.0345698498099605,-5.7388228111251465,0.18264140955977512,0.18236362873576176,3.3487220973379017,0.4577567154627968,0.7949284658672702,32.6932985974317,10.111740429015649,32.6834185278205,0.9930974658672702,1.3696303013725286,1.6717476363378008,-4.9040783402212265,-6.273708641593754,4.252927
3411,1.7646068281960792,1.7869211147782376,3.798553137189545,-0.6012436439212858,0.15165222818649118,0.15150953387937,-4.752559716428218,-4.757540466820831,-4.0318651610911065,-5.796471989287183,0.19486048559650687,0.1944959350856126,4.1886850212663695,0.5252640199908064,0.6354320885019079,69.35188580546182,16.14934886792998,70.43713301074177,1.843786088501908,2.5056893830580487,2.5779872874392598,-3.7585010852480636,-6.264190468306111,3.824436
3475,0.3996006612043717,0.4143496215771317,3.9477434983286814,-1.0490755655993549,0.3849480934890793,0.3719989273970439,-4.443866578297774,-4.444128652582551,-4.666117313803234,-5.0657179750076065,0.2342132430180037,0.22597649751645724,19.243052534505342,0.5669787261442238,0.4000167622540811,39.03168869158089,9.48111576041958,39.27270622344125,0.4094447622540811,0.9327595285196536,1.0025770524643645,-3.96895161042396,-4.9017111389436145,3.87172
1635,2.499415372443366,2.607001756820944,2.9853328588751187,-0.711468465083437,1.7544308811038554,1.198942998195794,-5.1325080794087015,-5.11057310286904,-4.178438091362527,-6.677853463805892,1.0416364519531185,1.0414058272388935,2.1295507735397767,0.3983769596327148,1.5745294358255149,14.624022125221536,13.891420080047068,14.628118706585946,2.548061435825515,3.2201061244933804,3.2779541176735085,-4.009137370414075,-7.229243494907457,4.221081
842,1.6438260528992954,1.6572746948087391,3.6045398274592295,-0.5976424745888482,0.14701255166505753,0.14694463066617422,-4.812509154066959,-4.76957197649412,-4.133005729037464,-5.77683178193676,0.1839384335734935,0.18382605158706755,4.183968433932137,0.5251572784593382,0.8178315256623441,68.5762145121721,14.003324841542414,66.82930963038265,1.7132488359408975,2.3708151322963,2.4346261270801515,-3.8722787724115633,-6.243093904707862,3.835227
826,0.3752030353787657,0.7281594915259233,3.2650349593889416,-0.10759550559634776,0.1859464309948088,0.18444393467675696,-4.752976491184088,-4.355267618314494,-4.482417562331577,-4.8576205977103415,0.2898915135113998,0.2833235396839107,7.7959928187628975,0.4643338950373821,0.8228370756667355,44.315722805579604,45.520123964518916,43.817253956150246,0.404397294050439,0.7115121825901127,0.7914983213706679,-4.3969722426530575,-5.108484425243169,4.917368
1613,2.7754084899303058,3.4778314232560645,3.0228355994506675,-1.0732013173965795,0.9713906667566318,0.6861529184772447,-6.497888535475313,-6.715042706572312,-4.92780747137595,-7.703215961306256,1.878143418047312,1.878067947554954,1.4572848211694265,0.34061192195215645,1.7913495842841394,18.642689452845143,14.817089519334655,18.854192578397075,2.913586584284139,3.856050489231359,3.856050489231359,-4.569863291084522,-8.425913780315879,4.180104
1462,4.928634518843714,5.013476504370148,2.6141510657265807,-2.155165222193636,0.3964047390634082,0.39582779029157583,-3.2307260212172504,-3.192853099528394,-2.4895363191727604,-7.418170838016473,0.40265854965282016,0.4014985116894775,0.8692300881405972,0.3012806741977354,1.6553816367406466,17.244925157978276,3.136098215085315,16.6252486477541,4.9484716367406465,6.061842193486277,6.081798040330591,-2.2147516731481307,-8.276593866634407,4.611978
123,2.4467494432513845,2.473184071092099,2.6627609514791857,-0.22473690096529086,0.8656747422919611,0.2548142131118378,-4.523936892499862,-4.512804637916928,-3.7102727875738237,-6.157022230825207,0.3588274106781773,0.3219818678430457,2.588896972921892,0.2820929347150669,1.3204220098805428,38.87511234188458,7.815983224763928,38.389382242202466,2.675614009880543,3.2309531371279268,3.4922143346931867,-3.4469525134321586,-6.677905650560086,3.488341
2727,1.026994585708851,1.897142695523863,2.3764922423099035,-0.20835904506442185,0.2806802465842902,0.2789691915069421,-4.579952028937236,-4.348008171974298,-3.946516774208314,-4.973511359917165,0.16792236694732593,0.16695994081796067,2.478037955295086,0.3092648958220943,1.1154715857088509,24.78335169789852,22.94640488870939,25.030617370916392,1.026994585708851,1.8474635635266048,1.8474635635266048,-3.685050515444896,-5.5325140789715,4.877487
1638,4.313491129148897,4.375443754384055,2.915516053454996,-2.0328182483999773,0.4107880138376641,0.4105706839190953,-3.9976532522456414,-4.034221842604449,-3.2017305042440416,-7.515221633392938,0.4516155122978561,0.4513123496628196,0.9392698544643908,0.34075987864461355,2.2075639741727446,21.757648655291888,9.376672838371524,21.68946976246545,4.3419039741727445,5.386149231198523,5.413297272565654,-2.97820571802213,-8.364354949220655,4.388837
2828,0.336549777091111,0.5018317194759301,3.819580203488652,-1.3669803053683485,1.9281722643025927,0.20206691613669364,-5.335967527573334,-5.393645956100789,-5.121009245682664,-5.457559022773774,0.10281635401783967,0.10066068340180227,6.558340890361878,0.3845394780347303,0.3811600167874034,65.3169368729435,12.622645239813275,64.51452200488613,0.9541560167874034,1.2023654809310316,2.0200771390083685,-4.683894213259257,-5.886259694190287,3.794838
1385,2.135734719012448,2.4872026480675986,3.284803679931434,-0.600132828394622,0.6958799412686947,0.38705548975818826,-5.619422906398281,-4.764046595519553,-3.8921221165170574,-6.027856835529508,0.7586754321051264,0.23150434717015075,2.1642221435795057,0.40869464830285707,1.130598762331419,23.578540431654364,8.5808977647422,23.343701736483286,2.40942176233142,2.9922793134602523,3.2980226402006476,-3.62521419484033,-6.617493508300583,4.324375
897,0.6252195327796242,0.6272105829720689,4.0109772010507365,-0.1434856802636295,0.21753810351617348,0.2172905975832608,-6.12265987689799,-6.1223981900035485,-5.6714285368262125,-6.296648069605838,0.283612348741784,0.2831149902755435,4.809093716546354,0.5556390449626121,0.7455083177833159,43.149425996534674,9.268976003027552,41.63601624730278,0.6938736638099725,1.1063081820837957,1.1700562499266802,-5.662215404769044,-6.768523586852839,4.060974
2821,1.2378763372390664,1.5530994066196708,4.689608656975478,-0.5942942451817276,0.3889686810788459,0.3889510135155751,-4.16772611774099,-4.220882481018201,-3.614486282099045,-4.852362619338113,0.1856945246439488,0.18569119422211366,6.590044311772053,0.4115628614796604,0.4793603372390665,120.58303768096052,22.770187103517927,121.32485819795666,1.2378763372390664,1.7304371317062133,1.7304371317062133,-3.2623899547477118,-4.992827086453923,3.319007
124,2.2191455884964126,2.2871495954045717,2.627260230492792,-0.1903295177933062,0.6583072265120707,0.3250705026491909,-4.898027796831329,-4.795541964971992,-3.5381355829420804,-5.757281171438493,0.298222348457794,0.29300187042662257,3.0304372590597564,0.2976710738700949,1.0771949292364578,33.83328943543032,6.780187597034942,33.83811680896042,2.4274119292364578,2.9145192404726146,3.1454774297719807,-3.3080474582466723,-6.222566698719287,3.666216
2798,2.7008286144892883,2.7017687552146694,3.1550803221597166,-2.945368643908528,1.2136227788464629,0.901457558516298,-5.350364082443203,-5.281629373790524,-5.599940689725568,-8.300769304214858,0.392226350694261,0.3507815899354728,1.9871884990268416,0.21394630921173324,1.5361079158052242,162.91444643483266,38.82349126410698,161.90510610143556,2.8696339158052235,5.218116611537117,5.364862769045024,-4.244875097229128,-9.462991708766246,2.993808
2653,4.776683869763817,4.8140883182950684,3.2298819232194917,-3.303420509606114,3.179617428945382,0.9669630726203288,-4.711972238249047,-4.699455265419628,-3.0865247627881622,-7.863208632551977,1.1530026090800485,0.8347067763854699,1.1975699507272044,0.20911184662079266,2.1616759180332545,165.12743118628592,35.11898451110701,165.95398236888968,4.990571918033255,6.592802877815348,6.827162443729137,-2.5143712795378397,-9.107174157353187,3.254428
2660,0.131633071968683,0.3547161105643276,4.195169693802783,-0.6972706228859723,1.7216033055092597,0.15027918001161394,-5.215707313572741,-5.328805312433867,-5.087546911665469,-5.219179983634152,3.2434584553991863,0.06961417428709843,8.700635010990423,0.4561639015562263,0.4317431430053048,58.523692636306016,18.47157841516945,58.496443747548206,0.5845311430053048,0.6648010372491499,1.2483286370676523,-4.835445035364829,-5.50024607261398,3.90933
3385,1.7479817399988278,1.841449081566,3.7503885253538614,-0.3760491191962081,2.2372027798842,0.9019871379850288,-4.404777002394144,-4.3093217592155035,-3.5244440543618696,-5.272425794360697,0.1731401893242408,0.17256630234441533,4.6074016898354655,0.5647325045732631,0.7992310527666755,57.02656613128699,12.869550300274026,57.35231066174883,2.3447990527666756,2.363037678002049,3.0324237288029865,-3.296119529256408,-5.659157207258456,4.115307
3384,1.9974652951471448,2.012051483598252,3.8198436252386543,-0.7171258275637138,1.4330699419904354,0.3818568021446154,-4.636879514537704,-4.6398576895149315,-3.828265297694229,-5.8257305928413725,0.6799148541955946,0.3637371409932584,3.630619138217004,0.5167602991161515,1.0952306490880126,73.03842273723144,17.210749492863492,73.43771469227089,2.6448826490880126,2.720580800402836,3.4351333171241505,-3.5927645618834436,-6.3133453622862765,3.777721
1463,5.7380332987159814,5.744594198768908,2.541922684836136,-2.4682004984486827,0.4877928567756085,0.4871641384538627,-2.9176383349815964,-2.918567218580273,-2.2018639292893387,-7.9398972280053215,0.5599742798057802,0.5591322942111131,0.675421081031886,0.25377339055104603,2.0561885499171333,18.959690658796198,3.336879593196008,20.86423130573073,5.814431549917133,7.047010997614251,7.1244392550482365,-1.9109224783337744,-8.957933475948025,4.462778
1378,5.618229366763852,5.627709214881232,2.5969313260983453,-2.5029130911750275,0.5522979460811271,0.5517137003693714,-2.7934180261295642,-2.7445325226249024,-2.0342419725300736,-7.652471339293925,0.4626079844251409,0.4515345608950529,0.7051914164549082,0.2486584678752577,2.2361405368773584,19.206313651916986,5.571860867662037,18.53265193623892,5.686178536877358,6.916304949670295,6.976810305010741,-1.7553715117469542,-8.671676461417249,4.813554
119,1.093558343233171,1.0991566181236534,1.9416967045662363,0.0630813799416714,0.11908529891012096,0.11903317705367902,-4.651167973445376,-4.649079669847948,-4.085065971409229,-5.1786243146424,0.0588963196670154,0.058826036376158075,4.162968940063767,0.2356782622729723,0.3963565042988285,49.71568627963808,17.262100874040144,49.545774907768106,1.1143165042988286,1.718675376941846,1.7562739509012024,-3.848589413257092,-5.567264790198939,4.061367
2658,0.8124846207995438,0.8931238876136991,4.080806583055097,-1.1753366504330327,1.3508636849560902,0.3816070160987159,-5.971997758332972,-6.0094531686715875,-5.452645607929119,-6.265130228728662,1.7926001400974858,0.20917312334286445,4.380249740776928,0.3975545718600775,0.9400568204733968,78.29920753875571,26.628963435694505,78.83617027241806,1.1130238204733969,1.6264218685104428,1.9894434049692231,-5.14339636004393,-6.769818228554372,3.676828
1554,4.770564915798849,4.774044192500536,2.974709991701407,-2.266927300751312,3.3790476436044683,1.9032766999668087,-4.990159531464761,-4.991102905203093,-3.482104141116752,-8.252669056915598,3.1419174959251954,1.9959491828201696,0.8175312246195803,0.30093048838176706,2.6030840540214246,30.56808900349125,11.906720413228276,31.861285471593746,4.7714440540214245,6.3841685096906255,6.3841908839422095,-2.8621033616443365,-9.246271871334963,3.945865
120,1.8765379810832519,1.8779374534843083,1.8962053644481167,-0.002968766152442015,0.2045630581008397,0.20441942665394125,-4.1673349623770015,-4.167797769258602,-3.4425394833178617,-5.319077464401113,0.1233636193235806,0.12287040493072672,1.3727340933888093,0.191737736847952,1.1205730234125155,139.59460250061014,68.78532833620271,138.7354512573577,2.3652620234125155,3.0896707238041135,3.481245312547073,-3.1374447209508998,-6.227115444755013,3.268446
1664,0.9805987984608554,1.0134455375056486,3.9185132420075743,-1.7051478545735488,1.3430449809030969,0.7539818181267212,-3.3748503630336897,-3.3753820357189404,-3.0290039083683613,-4.0096027068292175,1.0139569484849889,0.9764946568939432,5.127330200395246,0.3562965225951452,0.9085403946315579,83.22309741909645,14.913628913211285,83.06228205369995,1.5798983946315581,1.5000278666185858,2.157221135147701,-2.569986723350683,-4.070014589969269,3.410115
2689,1.5803894396776823,1.6479279143592194,4.530695664557996,-0.9210118751458154,0.4269801144343949,0.42693472800159066,-4.941065427820017,-4.976101835571932,-4.307220837296994,-5.887610276974675,0.2364655702042469,0.2364494894351277,6.192093166810008,0.3739023163571379,0.5468294396776823,131.33135699729178,32.552256779113605,131.45355911634607,1.5803894396776823,2.0874393506372604,2.0874393506372604,-3.8973457529652613,-5.984785103602523,3.184066
2823,0.7271129177540153,1.0756364845971196,4.832299556196321,-0.1094379760565758,0.36426551086411296,0.364264085121136,-3.9423739038646017,-4.034439336148207,-3.6907869588608975,-4.417899876614913,0.160203693939385,0.16019654310959952,8.859341230766004,0.4669109779607955,0.4185089177540153,89.85707032267399,15.87891415962965,90.26495264916883,0.7271129177540153,1.1408641561156432,1.1408641561156432,-3.359401487018562,-4.500265643134205,3.550076
2722,1.3463092055202508,1.3491336612222495,3.1690951910159884,-0.8036374097931821,0.4503778579428026,0.45011175533415865,-7.942817269015541,-7.8995203041594735,-6.74649996578421,-8.092809171304461,0.3990323276910927,0.3984042947256991,1.9517938312508287,0.2384408455972221,1.1950516870328678,87.84520317475878,33.668654517834355,88.14775982305035,1.6212726870328678,2.3408532240987285,2.488665144674602,-6.958058190802476,-9.298911414901204,3.402214
136,1.5179359932450849,1.915291819771913,2.5528112516324537,-0.3699546538678429,0.44195714405852093,0.4412039378478442,-4.564684748855578,-4.318770510661992,-3.83423207831124,-5.352168071556323,4.64225475297791,0.1251278064623806,2.843965094893555,0.30906027833785943,0.7934326582624754,18.67254355319331,4.218284556600942,18.987702189342933,1.5679476582624754,2.199324142375416,2.2800110783840104,-3.6143564856118138,-5.813680627987231,4.077782
139,2.287925385743608,2.3134425818116724,2.6784655053420074,-0.341808109032308,1.8820992140618948,0.3837538613159848,-5.069256358611649,-4.612374376246937,-3.772263463481668,-6.060188849225275,0.3803247412215561,0.3765065320212371,2.5642688087998797,0.2968138240741868,1.4657813950812106,27.499007957069892,6.465634222165747,28.11491660030297,2.5399253950812097,2.9777847514966638,3.263470587594423,-3.5803639828648395,-6.558148734361503,3.752041
2732,1.1709399864419574,1.2204950279857707,3.4887941868644714,-0.1956615075827853,0.5652996634026736,0.27096469873751816,-5.882473848819328,-5.8944730865871895,-5.120784849824379,-6.2917248362663365,1.1636541784395762,0.15964062143832608,7.543545956031742,0.35677795078752683,0.5924331746052937,68.77110976599558,17.903621733103,66.93976323118707,1.3534731746052937,1.6808733331839538,1.932397569924425,-5.034023349016172,-6.714896682200125,3.553395
3465,0.06713214739487937,0.0,4.828217597159656,-0.3817937620090763,0.5097019547786207,0.08032038305416221,-7.060552080762602,-7.0697299684496215,-6.472278730219736,-6.539410877614616,0.12214538430844347,0.03980766261250397,131.39786263424682,0.4547570228996575,0.2786861473948794,199.04328168850014,79.94565962560459,198.2793860598744,0.06713214739487937,0.061556865895351816,0.08031826910735074,-7.025217408578949,-7.086774274474301,2.896189
2687,0.9123966902884229,0.9162400180979796,4.127311832710266,-1.9794429622070808,0.4189398022992996,0.4189114940188479,-6.1621014801308025,-6.161785375151037,-5.756063884829563,-6.668460575117985,0.6408686257108108,0.6282358677391225,4.012267913009548,0.24705858632845595,0.7868617676251239,232.6114127663897,83.75945789007228,234.00333789230342,1.6905227676251242,1.6514393423740092,2.4282483628339726,-5.332027150088477,-6.983466492462485,2.820499
2785,0.7621676257664414,0.8020947934957117,3.631293443684757,-0.3473301460162836,0.7436805565841659,0.2198369220823527,-5.773654571365428,-5.790418851816732,-5.235963029586446,-5.998130655352888,1.0076988322764449,0.13382504125099018,4.615334773911816,0.40568882080741264,0.7111230231037388,59.521661925964146,14.268940561493642,59.05558441720864,1.0922030231037387,1.3334170782580537,1.709762257541077,-5.121809862110212,-6.4552269403682665,3.864841
132,1.063679712886432,1.074027670107673,2.0489752570975464,0.1857146690055141,0.10071424241585422,0.10066935805102066,-4.658055533151843,-4.6529422680160994,-4.082979258105693,-5.146658970992125,0.0609822503611837,0.06075430310406477,3.497870226468857,0.2356438026266328,0.4757764386869191,46.75926004292155,19.580491812391386,47.80755043337272,1.2209734386869189,1.7743002447421805,1.9096813913102388,-3.8303185106128055,-5.604618755354986,4.215218
2693,0.9318333397619196,1.0767251642845042,4.753651009444226,-0.30047637451232845,0.4929270552049068,0.4928884666602394,-4.1357143310767315,-4.179022159444978,-3.833048230823763,-4.7648815705856835,0.2699946652586443,0.2699792088061229,9.468330635573816,0.4670058453172152,0.4542563397619195,83.11859301781773,19.6809557311345,83.47951417809612,0.9318333397619196,1.369604108877922,1.369604108877922,-3.4366883212348585,-4.806292430112782,3.547392
1614,1.5770685538707827,2.6454745862832736,3.351669809716851,-0.6145397920806097,0.5369446095017671,0.4975527708227802,-5.380304977631892,-4.743788385840189,-4.663161890436476,-6.240230444307259,0.2523900930694991,0.2440218727422288,2.5976502569714146,0.4613323631136253,0.7000279911488883,16.302985375551618,9.348431641678632,16.564641983573086,1.6281519911488882,2.403924088858916,2.543222534529356,-4.332764429388203,-6.736688518247119,4.502446
2827,0.9645436450701612,0.9802506213722736,3.9508325906050006,-1.3957475677414617,2.8813900061221136,0.9512819987406496,-6.466672146289134,-6.460456207256695,-5.883992401625438,-6.848536046695597,1.6181082550893704,0.48324905175391203,3.5266219767029603,0.3706959482958897,1.1837977562694246,84.47656847163184,31.33402750324975,84.65458362458615,1.1445067562694249,2.0227028863463703,2.297337006524584,-5.452438798208172,-7.4751416845545435,3.571413
1460,2.3238551772777027,2.3742107414076385,2.695948609695083,-0.9908707576606256,0.4476081445517697,0.4468342256723857,-5.250592044102163,-5.2211772732164965,-4.451492645240712,-6.775347822518414,3.3174094517251365,3.28954629641087,1.5975726730510933,0.3101180690605944,1.917860040864592,16.68907126147585,3.5207110380670152,17.96463064568053,3.094668040864592,3.1840789530976403,4.036824135576309,-4.18923239331432,-7.3733113464119615,4.283954
909,0.206814882590942,0.18101767737880525,5.184414591879301,-0.27586277451330604,0.16409931296746516,0.0760678121098913,-4.423635786199517,-4.431746848407308,-4.509903226975768,-4.716718109566712,0.04710605845695532,0.03504169039576134,251.55953142685368,0.7146471104947418,0.28714300284763183,72.517119547626,17.22786620534554,73.64336832352005,0.2536309262831277,0.2516516734780291,0.2516516734780291,-4.3050803131829785,-4.556731986661007,3.728284
3474,0.4138442537020968,0.4203591272472876,3.864586673554799,-1.2728589549303315,0.3769639513885488,0.31710819165739657,-4.583236998021208,-4.583253324685889,-4.792870316195864,-5.206714569897961,0.2355567098624477,0.1882292919830701,18.29633334918805,0.5255144046744342,0.3964798515326066,43.14604054745733,11.317388886523876,42.88790417771213,0.4181138515326066,0.9813748660007644,1.01249216706558,-4.104264740204652,-5.085639606205416,3.769916
130,0.6845443211663884,0.809945856842599,2.018906242792287,0.1438054100820474,0.08528280458761144,0.08522410323052257,-4.662010079640312,-4.677762678016639,-4.2334335807134185,-4.917977901879807,0.0453740839100892,0.0453140077334142,4.917475780337307,0.2471212810940657,0.3586893211663884,37.89026883251204,14.985000529777748,37.67275475772667,0.6845443211663884,1.233830861239777,1.233830861239777,-4.069601565439322,-5.303432426679096,4.352146
1436,2.004139518828108,2.7138930347522794,2.796679505254566,-0.9646326216926184,0.4614171804918356,0.46119223280005606,-5.699544512514452,-5.256185987160432,-4.971810300674839,-6.975949819502947,8.679798393224269,2.837158576446945,1.8710417910470696,0.3553723334728703,1.123988202164017,15.841366320874956,2.973611500894098,15.019978443480394,2.400829202164017,2.925616985757542,3.3776936111041165,-4.674350692223723,-7.599967677981268,4.487087
1418,4.5881064576724455,4.774495993986345,2.8599529092572302,-1.5321452338499186,0.3213332803943173,0.32109835164170386,-5.1708911186173845,-5.265405699050175,-2.6498463226302404,-7.237952780302685,0.2163550746793872,0.21619548264582386,1.1149205716384516,0.3282949437785261,1.2360384576724457,34.15784392849774,9.517111311470707,34.46238561406487,4.5881064576724455,5.744420890628533,5.744420890628533,-2.2986806736263854,-8.043101564254918,3.883533
1461,1.836618379703384,2.0432990143497483,3.1168551395270963,-0.5388967720049411,0.2701695476606075,0.2697125957843228,-4.82432318735762,-4.753044793490972,-4.069728340030872,-5.906346719734255,4.140489858710108,4.055623185989775,3.0306313427723377,0.4307141920680316,0.941856810886314,15.865509215550768,2.768513827568752,16.95949462731975,2.150361810886314,2.490076345989749,2.8202566491804864,-3.8325101737173153,-6.3225865197070625,4.575838
1552,2.536432162008764,2.6506782298851475,3.069244930734752,-0.4954969231335434,1.0092533682189486,1.0089580089008312,-4.9939971291513165,-4.951577196411248,-4.1303922369863795,-6.666824398995142,0.8599599092593139,0.8593648353255025,2.440159897764316,0.3989685138114854,1.455136716402531,36.560976109413836,10.372739218681048,36.384362534000076,2.7836267164025306,3.3326328071259814,3.6047245648271202,-3.910836752534681,-7.243469559660662,3.937553
1483,3.3527861978765503,3.4920539094277165,2.9664257191837606,-0.8431078926326151,0.7800431679360171,0.4033477150667495,-6.668116721756704,-4.807640583870845,-3.586555706174757,-6.939341904051307,0.22144392856293588,0.2212312067097354,1.6388690110629618,0.3483914571192286,1.444389052654054,34.932907080864496,15.130189762103074,35.99313495653985,3.380756052654053,4.5627699584791745,4.583360016376637,-3.246039253105073,-7.808809211584247,3.798107
138,1.6745388324595565,1.679718423632009,2.6044303706342053,-0.9773752797555132,1.0313090295187092e-46,0.41955471551686846,-5.2809349099567715,-5.330105694231069,-4.173815849118496,-5.848354681578053,0.29553507062082895,0.29532503017464584,2.2937415761730082,0.2341312457790521,1.4498193344662822,38.0775018411753,12.823680465089685,38.74075910040005,2.100681334466282,2.2178571229664494,2.75555317339924,-4.099509722446925,-6.317366845413375,3.342619
125,1.4676334776239564,1.7954279464690592,2.627719153903678,-0.006050018409602398,0.4861188950725153,0.1969601790477936,-4.3515650476320085,-4.3379553981414345,-3.4867613997154705,-4.954394877339427,0.3661980701871561,0.3639313476771511,3.837349977241853,0.31849299360269195,0.537725808234921,30.132538250708777,6.342764704221812,29.658261654912106,1.672702808234921,1.9941093585389853,2.293146906494079,-3.2785259733307583,-5.272635331869744,3.943454
1581,2.083546990939744,2.140092436006655,3.142438458103565,-0.5262205023386013,0.4663470480597505,0.4660272206719611,-6.669629754861948,-6.6884230841600845,-5.7794747468602825,-7.863021737800026,0.3446162332687592,0.3430533894415103,1.723416916519835,0.35012167522614723,1.4641237152818245,35.88012423950089,15.501489302091231,34.541902130258386,2.1436697152818245,3.2010853026072112,3.2365147757875947,-5.6026013210322,-8.803686623639411,3.803389
112,1.237286521153964,1.2391928463758028,2.0053002550780716,0.03868584013695209,0.11811008124920618,0.11805233154227332,-4.553361416255976,-4.553938165542034,-3.970768289797957,-5.2080548109519205,0.07295495670057149,0.07283696051139045,2.5930312186354847,0.2285077769967023,0.966294452939662,63.3756067504897,28.92840187770391,63.39037473011388,2.144420452939661,2.028016480457723,2.9671610097870644,-3.631867486241545,-5.659883966699268,4.097989
2691,1.321438185913853,1.4327447470383627,4.584591519266488,-0.7076623138287831,0.4920124639238637,0.4919560586218921,-4.423260877517434,-4.449428232883738,-3.9116663354745778,-5.233104521388432,0.26691596557608066,0.2668923125231806,7.279562165710219,0.4116217953104684,0.4995411859138533,109.46503542704285,25.442705657365302,109.32217121629236,1.321438185913853,1.8041622979912744,1.8041622979912744,-3.505244026238337,-5.309406324229611,3.319749
3492,0.33947302943856505,0.4951657714266122,3.838131236263495,-0.08913052236815933,0.08561866860700983,0.08534657197022938,-5.081017395595682,-5.173359666037836,-4.843741006640072,-5.1832140360786365,0.09054438189968576,0.09013008684881248,7.685189846291139,0.6330327413682486,0.3631385314350072,30.526826929774828,8.357284839744171,31.08799949641505,0.3795825314350072,0.6814480253702913,0.7157447195223907,-4.818221408594004,-5.4996694339642955,4.511062
1459,2.0968721473050658,2.168302316542789,2.7631184617504356,-0.7971812438093591,0.345241761893786,0.3446992899981854,-5.164576150890274,-5.085023325361332,-4.396075563342881,-6.4929477106479485,2.3910768957246336,2.3738240574763063,2.1188931273776617,0.3636847103742283,1.4192956583805791,16.837213352412313,3.176760176736899,15.82530481361048,2.6080816583805797,2.8670738141172745,3.413856737672085,-4.158895402313426,-7.025969216430701,4.387675
2781,2.6828436521119188,2.683043736376051,3.2535038277723616,-1.5479166346221735,0.3545540037116783,0.3542641416493593,-6.4268404782742135,-6.427032661926375,-5.646735348856296,-8.329579000968213,24.100559249714546,0.4029643919028759,1.231926539657258,0.22750017955995475,1.8233371179945297,129.8209894928219,37.24627150646853,127.76316421824122,3.2393661179945297,4.204344282699862,4.727299106143494,-5.467309276391536,-9.671653559091398,3.219508
3423,0.1220482041994074,0.1147701895202221,5.365844731759942,-0.16170730415687196,0.2876743990279499,0.23091957762187626,-5.8363708651644135,-5.903892785771108,-5.407578735568959,-5.529626939768366,0.17704025322448733,0.08859898374205236,73.7741053590171,0.4381184603138439,0.3422719365814254,213.158869302434,128.49812937378834,212.81065033555458,0.18072293658142544,0.230399132387766,0.29321835265334906,-5.740487463356978,-5.970886595744743,2.893345
1404,1.9539583637002715,2.1164174491667125,3.248108144262776,-0.36045278600356667,0.2286130134648811,0.2280736771508748,-4.589152907462863,-4.508534564207291,-3.906111356567853,-5.8600697202681244,0.5594216931638012,0.4486356910855715,3.6138058458073856,0.4269562789533223,0.9155227146236538,24.37654929661373,4.4292936430273775,25.60217580155861,2.3590117146236538,2.6677781234157325,3.0956395742308525,-3.6281571241279336,-6.2959352475436665,4.300437
1557,3.0976983811405514,3.1059858522382044,3.189118833035475,-0.9876274221718759,0.4351734770645181,0.4348841950687884,-6.078262893680524,-6.0813143082860925,-4.912408341981721,-8.010106723122274,0.31224965073709426,0.31211290477802944,1.2521921430415326,0.33182942733742976,1.6165072826378766,41.269542722693814,14.59740675030834,41.30120277831581,3.1286752826378765,4.344091830424737,4.346415096810726,-4.630232283807609,-8.974324114232346,3.735321
1453,1.0452996636176588,1.0600237260227587,3.3027991681689732,-0.10125193375270906,1.3271450382561176,0.4506978470756978,-4.383255971880542,-4.3979819339645765,-3.667623817702246,-4.712923481319906,1.1074134159478244,0.34893172405677025,3.9139706855613454,0.3359265571649909,1.3520358443676002,59.59461622360357,15.715343764130598,60.396199090465224,1.0503518443676,2.541624949676126,2.541624949676126,-3.1124434971009918,-5.654068446777117,3.7804
886,0.4405060074068936,0.6171739435156306,3.2824672220042865,-0.0069971406379694115,0.3589901395123712,0.3551215303733049,-4.520354534770156,-4.4870408023650175,-4.308822106819513,-4.749328114226407,0.14602942389382653,0.14478039138912768,11.202916132769554,0.4379759512493856,0.7133657570409024,46.76144056222073,52.946323348422155,47.434282145523824,0.4531065467013495,0.7078349935453764,0.7544986680344695,-4.137759033580706,-4.845594027126083,4.816402
3473,0.6998284919246414,0.7019280254093572,3.281345586337116,-2.764167426000176,5.355732596203534,0.9322152383423988,-3.0187480749087645,-3.0187992819175324,-3.0626077711658186,-3.76243626309046,5.492094250135643,0.5117205066153186,9.789092471740004,0.4144382287292992,0.639530980957811,128.98121654534572,49.13704129159069,130.62312809225,0.7053659809578109,1.1937239071608414,1.1967542670067441,-2.4443267914065774,-3.6380506985674192,3.326221
899,0.2940036611609742,0.4262936843842391,3.829516150984945,-0.08708919382807823,0.07845987021821395,0.07844330047693596,-5.113292776703626,-5.2005180562669775,-4.8981174158023855,-5.19212107696336,0.07668556701249818,0.07652170250321158,7.849859139986679,0.6334667210152325,0.6636812819722158,30.977931967666297,6.751399778556053,31.52385074365364,0.3150379332956683,0.621402064889558,0.6376606661470927,-4.887403939686432,-5.508806004575988,4.519757
1381,5.7835091886906325,5.78928598302159,2.6657569367856007,-2.4212598666936764,2.4262890611086974,0.6592254606545234,-2.7858859838078263,-2.7866968794228244,-2.3724817635052213,-8.155990952195854,1.8083442392340607,0.6366883410817642,0.7476623782233494,0.26663764074070395,2.562582894895181,25.76340778876873,5.2892421882824605,25.26637388098759,6.015108894895183,7.440699079502503,7.526308068261651,-1.7229289725783512,-9.163628052080853,4.137628
134,1.7001881973859048,1.8699469983062964,2.3909938130406347,-0.8425723271476695,2.2729212662834217,0.4808498160603799,-5.460356865451256,-4.711696137667634,-4.102726263086477,-5.80291446047238,1.5901950838472423,0.6326886559994941,1.6796929435734955,0.2273865697565741,1.5512856452927628,24.29027334999689,8.323558554957437,24.51361905445287,2.1274316452927637,2.6384546971857423,3.4070686025695682,-3.931523209887281,-6.5699779070730235,3.592914
496,1.3120389597368989,1.6039617769299066,4.310882213579168,-0.33832796512152896,2.9123319514506,2.5894945275317203,-5.604521634527871,-5.8726554641066375,-4.40650177102359,-5.7185407307604885,0.8312659786281609,0.8092534999364837,7.0769306721525345,0.4160960153888823,0.922889136531255,78.6664913260682,19.903333780423935,78.00502111738362,1.3120389597368989,2.2324143450937166,2.2639428600684326,-4.410009572382316,-6.642423917476032,3.631348
821,1.9542325289856977,2.0651766890983976,3.6030815246244106,-0.3729802557458872,1.1384582986567229,0.19452254848771766,-4.101513817815595,-4.044295685677191,-3.2922155388413685,-5.246448067827066,0.16501872367771045,0.16494849701482214,4.564578387900776,0.5617123056125677,0.9540437728207418,56.295801547887756,11.22247020499527,55.31618305527417,2.171764251270834,2.5980957439433245,2.90423197552276,-3.035485997785063,-5.633581741728388,4.132296
2657,0.42656152531346736,0.6373946565631068,3.867711738678553,-1.3488347502778335,2.2862829564055627,0.17612467178832142,-5.257769854094102,-5.331790510912921,-4.946582771568056,-5.373144296881523,0.10651698540904653,0.10605452325054077,5.380590014553238,0.3748443208202123,0.3960390147740432,69.13525349055051,14.016011170395618,67.2905292365382,1.2141540147740433,1.2194114526727229,2.193265624613192,-4.59512034545901,-5.814531798131733,3.7726
3476,0.2906045211114221,0.3349844862992652,4.007353716376112,-0.5643452909287943,0.4552937552002154,0.31111680524980023,-4.204862176819189,-4.205815493221338,-4.491190695366047,-4.7817952164774695,0.268311286274568,0.22422583695171364,22.836286297687696,0.6353829434352721,0.4141392693623615,28.807948041013606,6.1676296433534255,28.471808219282387,0.3458062693623614,0.7178194661151867,0.8398855138343727,-3.8450962837728273,-4.562915749888012,4.078892
2817,1.3403824808745486,1.3775584930289646,4.251495916832592,-2.0169695540164287,0.3463194594829043,0.34630444728720783,-5.739396536601353,-5.754602629781933,-5.0346607180971,-6.375043198971647,0.6244715862375783,0.6087666499593574,3.46850540581036,0.24542099126954225,0.7462822933640778,262.2409487526574,87.34594944756455,263.64576639862275,1.6856852933640778,2.0968675991813504,2.4205405341000734,-4.639530619383449,-6.7363982185648,2.834122
1555,2.946218825245201,3.3290515387833657,3.283911326045589,-1.5588838110791263,1.9368715587534968,1.0327673624792852,-5.930174681261983,-6.2198644800325855,-3.4088107555246334,-6.355029580769835,5.742582591190307,1.5022179500328126,1.4338127230118676,0.4143378881430952,1.5950963964050409,23.6848832356849,8.168499396509793,23.66713898345314,3.2805553964050413,4.06337015374854,4.443002797947576,-2.8826470660732233,-6.946017219821764,4.385679
1484,4.452870715551238,4.4748407064716655,2.9838675310145035,-1.1070030153465378,0.4338543436163833,0.4334711577526065,-4.010123308562188,-3.960660717230651,-3.4077934019470457,-7.860664117498282,0.3145359016830257,0.31385218510164825,1.1897200107997092,0.30226855856075235,1.9913027155512368,39.97463851037142,16.088062493016285,39.739554050616654,4.452870715551238,5.929177474335628,5.941570172621746,-3.013092229637695,-8.942269703973322,3.598875
1420,3.2728220824909866,3.6696477272309447,3.1940012507328537,-1.0808497969556006,0.6816657747980172,0.2912190565443513,-5.615044197907169,-5.922027908446902,-2.801112878754796,-6.073934961245782,0.1716253502890431,0.17149865591582822,1.6373933042341389,0.39074701370574544,1.0969962425546482,28.84204536560747,7.993092026457865,28.806671707300385,3.601992242554648,4.200995867411706,4.553947545382521,-2.4642972974622976,-6.665293164874004,4.207368
850,1.1444524304323778,1.2660857726285943,3.868059803405922,-0.3467173120507199,0.13198895582820122,0.13189363127962098,-4.68168710626362,-4.743555429144656,-4.111018483240919,-5.255470913673296,0.1290782526802525,0.1289269068968254,5.346604608220645,0.6062309934058924,0.9782686194904553,41.41253687654388,8.39894393993413,41.82699279770576,1.1444524304323778,1.7078203535615026,1.7078203535615026,-3.9040681528143297,-5.611888506375832,4.3812
2740,1.6882571662128067,1.7365653859010368,3.6565394480274738,-0.3945664252675852,0.6824517020610954,0.284259751176708,-5.4657038996512926,-5.4822280360412,-4.558147073576569,-6.246404239789376,1.0579688242433694,0.2551090533666515,5.334844053779528,0.3522523994309189,0.7110975292917667,85.52759783579283,22.26048765309485,86.3744511191354,1.7707055292917668,2.487961362998752,2.6080994186503843,-4.386446729410424,-6.8744080924091735,3.573632
3390,0.12027701846549887,0.9197542439502052,3.4835774105168777,-0.7154235626222931,0.34947385763480715,0.34881595404157195,-4.37670209517756,-3.930247514625147,-4.219409213892029,-4.339686232357528,0.13458698532348054,0.13442703141942455,4.054120754558552,0.4657375413781682,0.4954297355426995,98.26616999437034,93.56362769767401,98.69436573861105,0.5924237355426996,1.0415505741889353,1.318438739013465,-3.8690009998605763,-4.910551574049512,3.976324
1579,0.6296996925211861,0.7801830207385014,4.318178492120442,-0.6745515936616293,0.7460486588718759,0.4618307759339412,-2.7238525088759045,-2.758628414647416,-2.474446760299119,-3.1041464528203053,0.16801922103224656,0.16801847992111654,6.784570034628314,0.4604239558903792,0.56948129556778,66.91749717214421,10.920889902870844,67.68267410601555,1.28261029556778,1.0219868950032729,1.7684361511628428,-2.1496886970629387,-3.1716755920662116,3.773155
3424,0.29690691595606344,0.1866772622944376,5.368424820993188,-0.04623145604326684,1.6703888960442117,0.7018679919404599,-5.016636844273446,-5.097688891206861,-4.614345515906926,-4.91125243186299,0.1211797051468514,0.01574621051156174,52.11347256210572,0.5538489848481711,0.3610609159560634,128.46205082382932,56.18037420697459,127.71498339746115,0.29690691595606344,0.7127550601862147,0.7832384002383137,-4.6990998190706845,-5.4118548792569,3.236018
827,0.3289133123832517,0.7023064842371026,3.264838002717064,0.02762462103372609,0.4645977047491197,0.4360041590982412,-4.678341035003767,-4.438922091406086,-4.484232815646437,-4.813146128029689,0.2302595172762629,0.22264373844821309,9.773779771440555,0.4924398944960514,1.0296022292986666,33.414620125517956,36.150751443380386,33.09291668253654,0.3289133123832517,0.5389205462688553,0.5861240633694471,-4.391669972737128,-4.9305905190059836,5.234796
2655,1.2211274004438044,1.3156952375174042,3.7610739169889618,-1.5924013283379441,2.3723515022694954,0.23714077368629105,-5.906296383802893,-6.016540695487124,-5.115070645578852,-6.336198046022656,0.16764023607635195,0.16570639061297307,3.604342473688997,0.3353802615128241,0.7296419805132859,80.71753599893327,12.893879725348995,81.52632227324752,1.9459829805132856,2.1480176087306377,3.059480265768114,-4.742516728577723,-6.8905343373083605,3.652182
2725,1.3895312952284014,2.285583484053612,2.3226990778407823,-0.1872972883452911,0.3858194457185443,0.3836302509869885,-4.856755863152311,-4.489402796777124,-3.9791797840286165,-5.368711079257019,0.2375259951742606,0.2361727345603749,2.0256531418514387,0.2752572591918618,1.2584072952284011,28.285203860102826,25.603452947709023,27.882168519618787,1.3895312952284014,2.2988751579189426,2.2988751579189426,-3.7073182844068873,-6.006193442325831,4.727143
2784,0.7625374038049255,0.797179388397903,3.784230797486965,-0.11519407557358835,0.6562669758875925,0.5402384745252322,-6.167249129878055,-6.170402158007518,-5.62441303106689,-6.3869504348718165,0.13149750117667558,0.13145795521801196,3.5612016959013326,0.3941461171293249,1.1412721598916469,90.55685732764879,21.527812592775675,90.25669491369128,1.0783151598916472,1.4547148994936003,1.7784657795099337,-5.43935859971164,-6.89407349920524,3.610254
848,1.6039457509350783,1.6053348983019733,4.030879248290596,-0.5521120823014751,0.23440179005152645,0.2342620784509753,-5.472747432126472,-5.4233178723417375,-4.72223196222444,-6.3261777131595185,0.2852258138974543,0.2849947980172269,3.4677304870883408,0.526612260709389,0.9640633184982714,59.36579219809861,15.138466058972172,58.39804116008383,1.6827391938617566,2.354057785165126,2.4304367077922584,-4.488779872338101,-6.842837657503227,3.91949
254,1.4832875404725574,1.6135870549099465,2.8107162205901766,0.005038570813544752,0.4950870840766846,0.14653987978177194,-4.631265892717715,-4.742024514080203,-3.758156927029444,-5.241444467502001,0.3083140371960859,0.30806621851970595,4.331303158249069,0.2997448684623604,1.155109062696682,52.15787893615053,8.726965710249896,52.325536384427956,1.8053647101301225,2.0188450434177665,2.4513703467097763,-3.5369987351792234,-5.55584377859699,3.607522
1438,1.4994499199914022,2.50739745916532,3.1448821135948997,-0.6925376322294182,0.358392335918694,0.35831739645362864,-5.585713671763332,-4.694670880386437,-4.799118077600572,-6.298567997591975,32.69005585070216,0.5905138710177311,2.6571721004432924,0.4271412861401309,0.6816171540207006,14.570241411408766,2.4762781165816907,14.984893750904524,1.7347661540207004,2.299671903419279,2.5518005545664377,-4.499527143714812,-6.799199047134088,4.66009
3505,0.4521473578104512,0.5970957822177504,5.140377807411095,-0.2966419277137833,0.4730908659385636,0.2131801828706542,-4.39038664730944,-4.3733528984584,-4.380102219474839,-4.832249577285291,0.28004443107960464,0.14245457113026333,22.830225050102342,0.6775498137488015,0.35611105951009325,70.58019361553437,20.07136065921306,71.02220749657478,0.5491450595100933,0.6518804585753579,0.6809922542145282,-4.0975365877838765,-4.749417046359233,3.748682
2824,4.448263427526731,4.4511960801736885,3.1811302195070263,-3.298879474021485,1.3838307064885809,1.3817254829640888,-4.711119527987852,-4.1673389879074465,-3.3704454594141366,-7.818708886940866,0.5093413269259621,0.4157926579564515,1.4018644589829272,0.21541608630861567,2.1041908650651417,162.08409477753364,38.583823567899344,163.85407241692317,4.689016865065141,6.508374322754188,6.691985781791497,-2.541661420942644,-9.050035743696832,3.268816
1408,1.9816689705898085,2.1134200058842234,2.89266302424542,-0.4927455673207894,0.4474062070601308,0.4471491138782476,-6.2165080385402725,-6.291394393262032,-4.924868732771117,-6.9065377033609225,0.2740308931934544,0.2738272435150202,1.9935457878002505,0.36084051070426304,1.2169179705898086,13.938007226224494,18.270158223643605,13.868091493972054,1.9816689705898085,2.927897983164752,2.927897983164752,-4.752559047437219,-7.680457030601971,4.143235
1665,0.6871043544938837,0.7724118454391913,4.204162564412696,-0.8817577066477357,0.9901453252820286,0.6230011927281669,-2.889476649393167,-2.910758000489067,-2.7076656737641702,-3.394770028258053,0.2335756309570936,0.2335490166640057,7.219624854206373,0.4601576877051983,0.6434365986842802,61.582967277268075,10.845755281580363,61.62351702306549,1.2694585986842801,1.0382805144909861,1.6788275154132348,-2.310551317184089,-3.348831831675075,3.829061
1549,4.157127248758922,4.214654717785541,3.0173234231670207,-2.0988835655504112,6.3270315756314625e-46,0.5984391402656597,-4.6381083284725655,-3.992240475666859,-3.188096295027602,-7.345223543786522,6.846160674778362,2.451629292398956,0.9428818160075092,0.3385498927566617,2.238154097572231,18.150620648268884,9.33089659552715,18.14538505964136,4.211233097572231,5.327696974309628,5.3515545184337645,-2.86220933710709,-8.189906311416717,4.692306
116,4.66685152765579,4.66691014113718,2.176670086604254,-1.2917702014426755,0.9327978866052928,0.9312388816818674,-2.849175604831542,-2.849180304178284,-1.153898823120072,-5.82075035077586,0.3800595391721545,0.37980285424626176,0.9603406396166806,0.15240403627055954,2.0008355276557888,291.85327762971457,66.34126155423199,291.61610825551674,4.66685152765579,5.6754492898906905,6.1287544673013095,-0.9573591744310006,-6.632808464321692,2.510267
2726,0.0819737480503746,0.16347155429011195,3.555287449049381,-0.04097433814484278,1.0697607961989033,0.2673360805642403,-6.136234198702729,-6.163769248734927,-5.844245491647348,-5.926219239697722,1.627991755824575,0.16030658355387806,7.865218230413888,0.4187981571197368,0.5285084237169977,40.628262400555045,14.888910746729104,40.640686929827034,0.4211394237169976,0.4391665648842471,0.8239753160084331,-5.909271305073039,-6.3484378699572845,3.999207
135,1.8330156567780835,2.0877507588046345,2.54322003590116,-0.3436559701494142,0.5182305472620569,0.47800631321130044,-4.646261295913236,-4.355696179125904,-3.879839056232982,-5.712854713011065,3.8419064357742174,0.2370170440824347,2.4054125416545,0.29124049100578026,1.06849459731041,20.195412810984728,5.557392809736418,20.558367677343067,1.9388335973104096,2.593275297275394,2.7249373777012336,-3.6397117580699696,-6.2329870553453635,3.949113
1646,0.5962779713958815,0.6696694675543471,4.024570654916415,-0.6697224989409539,1.494294478962746,0.9877411272752472,-2.85923989747144,-2.867454938450697,-3.0314839727713045,-3.627761944167186,0.2815276557036621,0.28149402293492803,10.021387620612698,0.44184850582391016,0.4433844794856196,61.17868838765356,12.548241418260865,61.41314672467797,0.6156434794856196,0.828403365678688,0.828403365678688,-2.402863725774054,-3.2312670914527417,3.768924
113,2.892540351109026,2.8925625464415123,1.875077000490168,-0.8651238134250603,0.4887704876927058,0.4886721024161286,-3.5275892775427247,-3.5275966389861564,-2.4301012760559257,-5.322641627164954,0.28141848726059704,0.2749379076459919,0.8490313627362508,0.19564347324313927,1.7495868429608752,143.71109173385543,66.31539161703652,143.53728766908918,3.606066842960875,4.04828874740673,4.8747493678311615,-2.178159694866708,-6.226448442273438,3.13459
2831,0.258653581117659,0.4519401044006688,4.154590736172416,-0.786294788587662,8.388533655615544e-53,0.19184247208755897,-5.261128266817786,-5.3464303404309454,-5.148387089964659,-5.407040671082318,2.120044223963835,0.08533445232256018,9.953761994901123,0.4668138097096791,0.4217341823286706,53.06213159129302,17.414462194912968,53.47822124141348,0.5406121823286706,0.8364713774345394,1.2428351126350181,-4.797230600726193,-5.633701978160733,3.922522
1380,4.862661452815691,5.021445074873243,2.717513212049762,-2.093940132299036,2.148481132924497,0.5355952670395876,-5.1458596146932205,-2.99908606490912,-2.5857418391895144,-7.448403292005204,0.2624426491454861,0.2615046416933384,0.9680146736170268,0.3139727090067413,1.9792168279473423,21.634512814125813,4.145143275674752,21.26750817024648,5.0825268279473415,6.286147049980412,6.286147049980412,-2.002786090056767,-8.28893314003718,4.298707
1663,0.8282377002964232,0.8678436855200182,3.8685577003678286,-1.3391338554171472,1.1625088975580675,0.6467369105633645,-3.1008474365937637,-3.108871484448529,-2.823513037596072,-3.651750737892496,0.8422896042506068,0.7079771626794557,5.871087788266393,0.4034242759355672,0.8271997775467091,72.96172792820927,11.914687562972338,74.20781200165396,1.4758277775467088,1.2763900993310338,1.99568374635717,-2.3993529632315163,-3.6757430625625496,3.562289
3383,2.085252660501567,2.0869211797548317,3.8686133435787116,-0.8857829277488491,0.9655830459407144,0.4113778479086825,-4.925898881760432,-4.8764645033363205,-4.121105877737397,-6.206358538238964,0.4856724128213958,0.4716307068413995,3.1036331191345727,0.4822550694006688,1.3295777559492232,86.4313961049321,22.273727617294693,84.78830646709457,2.7277777559492242,2.8805952527360215,3.554753822035664,-3.8656988752579737,-6.7462941279939965,3.584005
2734,0.5579655400006678,0.7371666502451584,3.5236057462520107,-0.26466971177145915,0.33734506039177,0.20542873421518232,-5.263634911188632,-5.3307178320548365,-4.778436934033755,-5.336402474034424,0.26837871102137223,0.11635185969925305,10.799209702920122,0.387385911737054,0.3963395713568444,53.88473450771697,14.959876856540088,54.735404772596596,0.8910425713568444,0.9063029400623621,1.3021766982132008,-4.7690399094166205,-5.675342849478983,3.734858
1640,3.4180640150980874,3.724633773617539,3.2030291583092416,-1.6464477398579709,2.8599830927102387e-23,0.5696720039960482,-6.128115106612701,-4.475356139424588,-3.2156043532121545,-6.633668368310242,1.9333854224788087,1.3119211699897209,1.2603857506667695,0.4057975760950273,1.6916748651240223,18.547624757283348,7.282850652580061,18.850935440417985,3.5169388651240223,4.3551893518130935,4.477354234110452,-2.911715514448464,-7.266904866261557,4.635565
843,1.2690945448054696,1.3845659509318802,3.6002988434487317,-0.3679760992921883,0.5304488512177984,0.1913732396125295,-4.571687534104114,-4.614966999397232,-3.893216177676569,-5.162310722482038,0.12055473863760582,0.1204521512219546,5.627289009884733,0.5687377497547602,0.7539303283872676,53.86333103902501,9.920712590796773,54.13666742109848,1.3196787488421275,1.836474289113753,1.9307896521541201,-3.688593968494268,-5.52506825760802,4.148479
1402,2.3009479048944352,2.3370367246165107,2.876552450358485,-0.6073699944541051,0.2964252874252539,0.29591923306886897,-5.074179286155292,-4.9311009020923615,-4.272318925540612,-6.573266830435048,1.6318732631575514,0.6737779746878866,2.485282788136099,0.3672304682677196,1.33685804647669,24.260997882642197,4.0347068501514505,24.19108340390673,2.7931690464766903,3.1541302505634383,3.6615590217848375,-3.9875264756527975,-7.141656726216238,4.067279
3412,1.2966556208609867,1.4370162262501331,3.769377467460116,-0.3716284317703784,1.0438939028386405,0.37792576931473376,-4.573352990429741,-4.636535958534805,-3.8713150597976136,-5.1679706806586,0.13246910858653588,0.13168522502365704,5.5479154835205415,0.5705531342518667,0.4526922274631637,57.272247434722644,13.333113195758171,57.5201632508254,1.4868972274631638,1.8615353604063392,2.1165946214182263,-3.669194500192445,-5.530729860598784,4.130216
1455,1.0223540873749322,1.0613999470863351,3.74782990348369,0.03655173697477091,0.8657260890165875,0.33902015956759457,-4.192005641130969,-4.169759654560078,-3.523067501529664,-4.545421588904596,0.7735002194220415,0.26093178433123043,5.027978191815421,0.39251872164205054,0.991068087374932,59.79193802831762,14.99349341394274,60.89849508700698,1.0223540873749322,2.3029647152361523,2.3042274830425886,-3.079867777530364,-5.382832492766515,4.026391
1383,3.0691561777441967,3.2317727778835965,2.943380943220432,-0.9027408024174424,0.3774770792874456,0.3772662181540985,-5.8535633895098975,-4.745713819291076,-4.058700482643887,-7.127856660388082,0.2481811298761838,0.24795432085107744,1.510006494115922,0.3464862922683195,1.2825941777441967,25.975338528535648,9.807708340420607,25.437210702101087,3.0691561777441967,4.158939328205569,4.158939328205569,-3.77409372578584,-7.9330330539914105,4.062076
819,2.1417178359491573,2.141968952137189,3.8493262169840032,-0.87693596540859,0.8246455526847426,0.5177937769406302,-4.796969235099134,-4.7970572224214685,-4.022768167712037,-6.164486003661194,1.141758229327166,0.5370344790448512,2.9051144776172166,0.4807630008927493,1.0591693979347998,81.46620776566651,17.540688173700598,81.36952658082194,2.7224794454027696,2.9446017956072765,3.553904299453582,-3.765479706613114,-6.7100815022203895,3.598167
3410,2.3205461629079283,2.3231778029604686,3.849086244862402,-0.6642309046360753,0.21439519181707287,0.2142667826222108,-4.690271511767594,-4.6904835171564345,-3.946126371676964,-6.266672534584893,0.287889549185806,0.2876737028380025,3.3446062170780997,0.4907721300982314,0.8729501421774004,81.48665615139869,20.61328510896393,81.55188304442268,2.4263791421774004,3.1968982453053973,3.2980430615836696,-3.5975122882270782,-6.794410533532476,3.645328
2744,0.30257441273800456,0.7505790150306091,3.829966599576614,-0.392096877355159,0.2511508863325597,0.14989017399084495,-4.27608736067014,-4.510794072735446,-3.981414369784944,-4.283988782522949,0.15878395899727402,0.0998959064811934,10.57463339115318,0.4281891075669369,0.3422734785771087,65.34446936098125,18.2925164699165,63.65457831008214,0.7939564785771087,0.5994879239060904,1.1741207751727962,-3.910252843615924,-4.509740767522015,4.015821
3419,0.3851169895593478,0.38813071667544996,3.935975779491603,-1.1403571135687938,0.301754969586019,0.3014554904298572,-6.429211282936282,-6.428439980565036,-6.05668378744066,-6.441800777000007,0.4873227397581811,0.4867299472530384,2.929637195178034,0.4336439766536173,1.063426009165223,100.61537129123562,43.750389001885004,99.17330543784573,1.136667009165223,0.9197057324328052,2.1280509685853093,-6.017278420801885,-6.9369841532346905,3.440281
3467,0.10114770276374237,0.11204132199391807,4.8870674190038095,-0.1644508988269937,0.2479203965524664,0.13522576420625607,-4.429443256709416,-4.432308119133362,-4.287147916113522,-4.3882956188772635,1.5056079872330035,0.4707359971692663,24.385345052130237,0.6099315562638072,0.3211704440971924,73.37985181216807,22.941980784929193,73.53924048211509,0.5740514440971924,0.3374408042430755,1.3676798253133478,-4.269197832290591,-4.606638636533668,3.342208
3421,1.404067453932108,1.430701594352096,3.967739781504516,-0.5374673601692868,0.17750018437980666,0.177326470533835,-5.2431992037200565,-5.248735193550103,-4.507670505196876,-5.911737959128982,0.2010958264877261,0.2008033943300853,4.234855477732245,0.5612572890939849,0.6662520739471234,51.39040800852099,15.637465105834709,50.75952342786008,1.4483740739471234,2.055278570756471,2.096974108668338,-4.3134527454747715,-6.3687313162312424,4.074245
2645,3.6413164920398597,3.641424709886179,3.4358613338971002,-1.5699355706480027,0.34352350123505976,0.3430411598587845,-5.8484144215471545,-5.79845260966111,-5.22670708546071,-8.86802357750057,1.7258232830570894,1.7226441258869116,1.124427855852898,0.22062862842402392,1.97134751184902,168.966299691392,45.32608867314067,168.7946841817487,4.1031645118490205,5.3552963963001465,5.807623064594281,-4.883390616920085,-10.23868701322023,2.903772
849,1.3210660620007306,1.3400274194237063,3.955656186403024,-0.5341708192252805,0.1737275721991208,0.1736147842956777,-5.267276087491734,-5.277495039564086,-4.573083000551024,-5.894149062551754,0.19494098791807327,0.1947622147061654,4.2035130312441735,0.5614209414840295,0.891637440284885,49.97052618677419,11.426646973623125,50.843041876563,1.3589978473054267,1.9625192970034504,1.997507042701225,-4.388944821288196,-6.351464118291646,4.084707
1660,2.4106735095274496,2.6064116399568045,3.126274037550746,-0.6740869510499685,0.2944230365121076,0.2941119837663462,-5.637237320140207,-5.7426153636219475,-4.198779745401423,-6.609453254928875,0.1943372569278861,0.19427498267740892,1.797349045109896,0.37805151404252985,1.1238675095274495,52.34375090922453,16.328260114891144,52.25171101025028,2.4106735095274496,3.4487712140629654,3.4487712140629654,-3.91285171342278,-7.361622927485746,3.690779
896,0.1086948123006944,0.06055118170616902,4.9358685941659965,-0.08119410203303179,0.09545639318936253,0.0676361254315087,-4.184108110710229,-4.189877339878897,-4.5419294293566335,-4.6506242416573285,0.06272725972221099,0.039142223025380035,181.97638391244405,0.6548658061909802,0.3026279852706746,57.430055763056714,11.080597087986536,57.07818026267876,0.10893853769816314,0.15021065097948194,0.15021065097948194,-4.1152219898788385,-4.265432640858322,3.579277
1485,1.7490021812175285,2.057025322982117,3.3347811467876856,-0.4917530455788368,0.6345827906461835,0.2922461825134205,-5.389902060509887,-4.879992869218014,-4.0767260868342055,-5.8257282680517335,0.7989796337073143,0.17951657692429182,2.476038347838824,0.4087356492256088,0.9603062279871613,29.733223122369765,15.097101057872672,30.354564085436035,2.110208227987161,2.5953182723174293,2.994194592509272,-3.8434006290151954,-6.438718901332624,4.099895
140,2.151801718861842,2.2294086358602683,2.654839535594628,-0.3344378675001449,0.9247870951665396,0.2978763174568177,-4.459544446679498,-4.404705310774914,-3.5690246103804006,-5.720826329242243,0.3415763568052813,0.3224018266179277,2.9253105732337303,0.31347089411484513,1.2286981253683025,24.636691993311327,5.745008700836138,24.864262281116446,2.3896141253683023,2.788055445502829,3.0448602518542045,-3.380192928122957,-6.1682483736257865,3.90681
2783,1.5874637779703,1.588552065413529,3.612178213377741,-0.4016344072620209,0.7792616699638879,0.2597082143062148,-6.057848076027327,-6.008719233457086,-5.235298494055634,-6.822762272025932,0.9764788457796189,0.15585048829218587,3.1679523971916512,0.3665756475205477,1.0101166340279442,70.04801299372612,16.893028535140587,70.05633139526884,1.820394634027944,2.3606727440800466,2.626554664535692,-5.0211500161386535,-7.381822760218699,3.695956
1379,3.872861040450767,4.163663266497586,2.9447234282129515,-1.8160792135702,1.9785421171326845,0.4835687212585478,-5.986755028823607,-4.0539185524699715,-2.6680452150825507,-6.540906255533319,5.790626816607414,0.3900262888959144,1.1485070964068884,0.3568265800805084,1.5550222324238865,11.409902933467484,2.4576419191280707,11.530952089024279,4.082435232423887,4.873623187282922,5.100548408119339,-2.3315376382190665,-7.205160825501987,5.191904
2801,0.7342520598477869,0.7451830470696454,3.898156745499592,-1.1643600089665869,8.002801799301362e-53,0.5499744277864078,-6.287242565141879,-6.282032579420857,-6.0320116843465925,-6.766263744194381,1.7621634741350338,0.6532228867685586,5.098616873293955,0.3663892714042457,0.9764960527745858,89.4363172167703,27.565251527567053,89.87539360470917,1.0016440527745858,2.014731286659609,2.416603563636138,-5.280580551471512,-7.29531183813112,3.344848
1558,1.490086992967985,1.8941563741902328,3.4504260725878604,-0.471594014999134,0.5675272093041132,0.47955744494376,-5.21255481175409,-5.6538131925937,-4.259992674289603,-5.750079667257589,0.17709569294912186,0.1768784660041687,2.36846971133007,0.4418752848760656,0.8686404692711639,35.719690319462835,11.183473861254072,35.15327543672432,1.6782594692711639,2.2947577099620884,2.4759170705989164,-4.003564455435746,-6.298322165397834,4.199748
1382,3.537080409441465,3.9305206243387003,3.0621980842775236,-1.6664480655406642,1.8724655933664125,0.4078780190213139,-5.783543568340825,-6.079710652581888,-2.820780175430897,-6.357860584872363,0.21884666692534385,0.21714133209325373,1.3463198653421782,0.3807672954227592,1.5100410829967623,17.91723737567064,3.106141898746426,18.270790724554256,4.1108240829967615,4.81247148308007,5.273580436002163,-2.174189956176031,-6.9866614392561015,4.548798
1592,4.761514145990557,4.807556318735118,3.0856401851270188,-1.6972232786660877,0.4092987974538885,0.4089011629948909,-5.949180678876624,-5.972214105997468,-3.2756970538737584,-8.037211199864316,0.2748505764212666,0.27457699433445193,0.907759796405174,0.3078977535141158,1.7927291459905563,50.72210559289028,14.615057836378524,50.702177060874995,4.761514145990557,6.062543426890128,6.062543426890128,-2.9179089674184846,-8.980452394308614,3.557389
1578,0.908001551026496,1.0090268045304152,4.035254696949478,-1.5400635648497012,0.9758221687834728,0.5929962218204934,-3.1926375403127363,-3.179564425718822,-2.7911144146254303,-3.6991159656519264,0.7922734120815982,0.4981692024119842,4.366670107470799,0.35514248648841096,0.9133843169386784,95.06119809949594,16.464712520870133,96.05335341264713,1.7226483169386784,1.4708526062518574,2.3430855878067365,-2.4072716520198503,-3.8781242582717077,3.34938
121,1.5832469661585469,1.5864419231651536,1.955317275225664,0.052003936007743334,0.10875234879126476,0.10873378010712137,-4.366908230021472,-4.317924974785413,-3.7615760645195153,-5.344823030678064,0.06727188801527888,0.06719160517682234,3.0038249556179415,0.22357342132269528,0.9078613225399159,61.14348726589654,21.21190496111602,61.27654830294971,1.983888322539916,2.3692004924283907,2.7844443008660607,-3.4271819347860912,-5.796382427214482,3.925513
1593,2.5659204883693287,2.9870032095470602,3.3505877108681617,-0.9219402760124428,0.3462236750794515,0.18587940537817216,-5.262535055204676,-5.691138781750243,-3.152120380701625,-5.718040869070954,0.16367916742968028,0.16357516329292704,1.7663446000406935,0.4227004857495336,0.9173065974595748,38.318089164747065,11.050120807631064,38.28400220952201,2.6309445974595747,3.4479388759681475,3.5101138942145087,-2.8265792400179803,-6.274518115986128,4.103068
3422,1.2326469781332134,1.3653854103171494,3.8794516812518265,-0.3500632265915722,0.13740202463132714,0.13709054208541147,-4.650280966447176,-4.716382391833883,-4.032220295307388,-5.2648672734406015,0.13706721417624002,0.136494331774697,5.355912282730528,0.6068694269918039,0.4715820993915697,41.97367129078486,10.959340399084695,42.7973839275931,1.2366850993915697,1.8116609058408253,1.8116609058408253,-3.812587960552636,-5.6242488663934616,4.369864
1644,0.7578801598060121,0.7941544830643359,3.664527675645557,-1.1446457715699954,2.1167027589185734,1.1539804709625934,-3.0453464511805324,-3.0494245375185844,-3.1172310085920767,-3.875111168398089,0.3568305975933645,0.3565797908249067,7.814188789151948,0.3850877997275552,0.5911556563866291,72.91239349182023,14.839516675226974,72.93471303818507,0.9292206563866292,1.1656128489243551,1.2819408847346732,-2.3944024203662133,-3.5600152692905684,3.472044
1636,2.7451014032683454,2.8031974064348564,2.977461920778006,-0.8946918478295528,1.6568039610161815,1.3633467755160693,-6.386557420923113,-6.399177424153869,-4.445340493133381,-7.190441896401727,1.314629520307413,1.3144518085434074,1.6638654408777325,0.34809773163010715,1.877273633507236,15.949077953670395,18.913537418931874,14.856338659182887,2.7720746335072355,3.537207003340947,3.580824879759962,-4.264233219084159,-7.801440222425108,4.085779
2742,1.1666545013209406,1.3706244530712028,3.674583386608644,-0.4131998106228879,0.4631617464636818,0.2189779909429916,-5.048898413371879,-5.172299777279507,-4.300017755053862,-5.4666722563748005,0.5240061582580298,0.16613029007285934,7.067946025638868,0.3847451669148007,0.5074378379966125,71.01854168255262,19.54261159109511,71.24293874481786,1.3582698379966125,1.6358330263444107,1.9332793801787351,-4.207341910050679,-5.843174936395088,3.74826
3504,0.05855845852773714,0.08174322175648152,5.067495942107608,-0.7254545302999151,0.6759292173157742,0.3725507360578805,-4.632964602271549,-4.632522424715722,-4.783479375867223,-4.842037834394961,0.6619194583765806,0.27121113526351515,19.612162114784734,0.6136453826926759,0.4325387342171264,75.35779987844819,11.856720747519686,75.27808886402765,0.5616607342171264,0.3552162387836053,0.8512899068389257,-4.451317560034012,-4.806533798817616,3.595735
1639,4.944465310193842,4.9496788987773375,2.9057861348519682,-2.31995792973268,0.5187941002803099,0.5184692084464877,-3.9262638479797394,-3.877054417605848,-3.142459382340759,-8.086924692534604,0.5660116146158777,0.5657680831321729,0.7377972555921594,0.2927355674521839,2.631196665426084,25.211997022977492,11.462247160196275,25.189095714149108,4.973682665426084,6.202427264782143,6.230140660849411,-2.8902062678073848,-9.092633532589527,4.224362
3382,1.3150910281560764,1.3165964561500956,3.720518400690728,-2.2583520248526887,1.1369858484989923,0.25050086114464304,-4.47108603624235,-4.471244154011905,-3.686853344819189,-5.001944372975267,0.20479950150589954,0.20475556720241966,3.5892172761926298,0.365185190284846,0.7870211009238242,175.08282350142295,64.28874060566825,177.1085197144692,1.528461100923824,1.8491787800599424,2.101360096395038,-3.528006819720684,-5.377185599780628,2.976153
1591,3.5697292908075,3.7631332899997254,3.0389035191832487,-1.3630121740414207,0.3163084925135822,0.3160235832808657,-5.39111220643936,-5.4911448276917465,-3.3793159228867298,-6.94904521369423,0.20794962927060234,0.207705397297762,1.232699290877139,0.35677068665637823,1.2270502908075,44.89199404589424,13.269894611580314,44.904480545678645,3.5697292908075,4.662362212936525,4.662362212936525,-3.0599311002334715,-7.722293313169995,3.773364
3488,0.2172311227644852,0.3648928837714981,4.871674429794913,-0.09649279757474273,0.8959762913138264,0.3473492731903507,-4.210875820551659,-4.197490801892227,-4.5012344593036255,-4.71846558206811,0.5440612541640321,0.17865546576197194,33.80056079239782,0.6335421337483776,0.3455343650720228,52.40697699098938,9.167462361987203,53.183953822237385,0.3834573650720228,0.4396623716535012,0.4910077621306335,-4.028601140299107,-4.468263511952607,3.608193
417,0.8649103554127868,0.9041984406508464,3.6769188149524643,-0.9094444906327952,2.3198426345502177,2.3039718013653903,-7.915142374383719,-8.002632355243897,-6.6961651202497325,-7.561075475662517,8.167054921797353,5.496467331089141,6.1592824262008925,0.310769406924456,0.9598735016066996,57.563335843143406,18.230449342485453,58.19901052909462,1.1689665125029371,2.1903528909508743,2.487801665404352,-6.7970824402960455,-8.987435331246923,3.294426
1580,1.573188327275576,1.7826651773505011,3.103645366829416,-0.3926854773328798,0.3564153803519993,0.3560263046466796,-6.4458383291774,-6.5629773747754925,-5.352590532896741,-6.925778860172317,0.24779183457110185,0.24753544903268024,2.301589668550218,0.39613020739389815,1.033942327275576,34.987678063301765,12.87459670353471,34.4366382536362,1.573188327275576,2.458718900666394,2.458718900666394,-5.2164788792643275,-7.675197779930722,3.975578
1464,3.9838389498119344,4.364888278401391,2.9469816463020937,-1.7428034968967554,1.6511268503870664,0.38635431056108005,-5.9309469549751075,-6.2178759312747145,-2.5455467420052407,-6.529385691817176,0.221307735617178,0.22079364097401388,1.1752366682443252,0.3675509422983192,1.3158855140863084,14.00597633677232,2.4055588769842804,14.446808774026813,4.155269514086308,5.0074244939237005,5.090456101061262,-2.175378584391836,-7.182803078315534,4.838916
2782,0.6646146382480174,0.6668658880460789,3.6390294188679673,-1.054067397922001,0.281695791273161,0.2813854298955815,-8.674948018962567,-8.675213810414233,-7.793999713837444,-8.45861435208546,0.3145694265428048,0.31417150536044386,1.8405318470593337,0.26217097965471803,1.6500482518503592,155.82697464313182,49.23014934794185,156.0190185196518,1.3519912518503592,1.9563045276398068,2.581329776518656,-7.801808454676824,-9.758112982316632,3.094169
1434,1.3298989915948618,1.3338870108416008,3.4464707054974975,0.16250340776613115,1.6265565456846816,0.5225549778254722,-3.9468100151463967,-4.014122420293205,-3.1345276077987427,-4.4644265993936045,1.2423142996841898,0.3604169721792019,3.0280910453512577,0.2832818243704386,1.4713435475903025,83.23262370944532,23.966068772253628,83.70853556365557,1.3372695475903025,2.713526574137678,2.713526574137678,-2.5900467281298463,-5.303573302267525,3.644599
137,0.91005873895682,1.6667770759978169,2.554041858392244,-0.22643248023352536,0.13751289796749255,0.13581556888349594,-4.2176921886115775,-4.281618015345457,-3.720041460635912,-4.630100199592731,0.08017817236461566,0.07933537933522927,3.531110486053892,0.3308030166637033,0.43411673895682,16.94525621605683,3.1429559592455028,17.245824456809327,0.91005873895682,1.5002534549900912,1.5002534549900912,-3.485983333569872,-4.986236788559963,4.323897
1553,4.127673820148679,4.207411544085107,2.9743060458014865,-1.9651512190164129,9.928066960722838,2.7121780450583626,-6.986515280049647,-6.219642044869291,-3.4311753182519062,-7.558849138400585,5.127092790731656,2.422671265680524,1.056570243133583,0.3489294056388635,2.1726255641112693,27.130978162629297,9.953568614118858,27.39058115965969,4.156690564111268,5.5145521074270585,5.569122979307894,-2.8506011996288763,-8.365153307055937,4.118844
2730,1.3789335506002025,1.377632334662024,3.037364191312735,-0.3996265973041524,3.068952720251433,0.8772285561343685,-7.3647803009521375,-7.374047540380131,-6.1394597444634735,-7.518393295063678,1.6094477362593718,0.5055128619773815,3.767166272071864,0.2396276928937132,1.2776065853823249,117.82619665613986,26.655136213038997,117.90691259422162,1.7842275853823248,2.87549230071145,3.2824545505335485,-5.927034150869173,-8.802526451580624,3.093824
